funcType,1
1,1,123,15,25,3,1,71,71,442,9,23,211,1,1,25,67,1,9,1,11,75,38,429,235,24,1,60,11,84,372,129,4,1,107,6,51,124,661,8,3,622,97,121,59,1,51,309,4,13,133,17,3,4,7,2,18,339,369,1,357,21,22,5,640,19,4,1,485,1,20,9,4,381,25,15,462,1,129,137,206,1,1,76,275,50,107,99,702,318,3,5,7,22,38,235,11,227,4,11,26,16,4,2,2,33,172,1,25,20,512,117,29,323,48,228,2,3,92,1,1,4,1,11,1
1,1,124,15,25,3,1,72,72,444,9,23,212,1,1,25,68,1,9,1,11,76,38,431,236,24,1,60,11,84,373,130,4,1,108,6,51,124,665,8,3,626,98,122,59,1,51,311,4,13,134,17,3,4,7,2,18,341,371,1,359,21,22,5,644,19,4,1,488,1,20,9,4,383,25,15,465,1,129,137,207,1,1,77,277,50,108,100,706,320,3,5,7,22,38,236,11,228,4,11,26,16,4,2,2,33,173,1,26,20,515,117,29,325,49,229,2,3,92,1,1,4,1,11,1
1,1,124,15,25,3,1,72,72,447,9,23,213,1,1,25,68,1,9,1,11,76,38,433,237,24,1,60,11,84,375,130,4,1,108,6,52,125,668,8,3,629,98,122,59,1,51,313,4,13,134,17,3,4,7,2,18,343,372,1,360,21,22,5,648,19,4,1,491,1,20,9,4,385,25,16,467,1,130,138,208,1,1,77,278,50,108,100,710,321,3,5,7,22,38,237,11,230,4,11,26,16,4,2,2,33,174,1,26,20,518,118,30,326,49,230,2,3,93,1,1,4,1,11,1
1,1,123,15,25,3,1,71,72,443,9,23,211,1,1,25,68,1,9,1,11,75,38,429,235,24,1,60,11,84,372,129,4,1,107,6,51,124,662,8,3,623,97,121,59,1,51,310,4,13,133,17,3,4,7,2,18,340,369,1,357,21,22,5,641,19,4,1,486,1,20,9,4,381,25,15,463,1,129,137,206,1,1,76,276,50,107,99,703,319,3,5,7,22,38,235,11,228,4,11,26,16,4,2,2,33,172,1,25,20,513,117,29,323,49,229,2,3,92,1,1,4,1,11,1
1,1,124,15,25,3,1,72,72,447,9,23,213,1,1,25,68,1,9,1,11,76,38,434,238,24,1,60,11,84,376,130,4,1,108,6,52,125,669,8,3,630,98,122,59,1,51,313,4,13,134,17,3,4,7,2,18,343,373,1,361,21,22,5,649,19,4,1,491,1,20,9,4,385,25,16,468,1,130,138,208,1,1,77,278,51,108,100,711,322,3,5,7,22,38,237,11,230,4,11,26,16,4,2,2,33,174,1,26,20,519,118,30,327,49,231,2,3,93,1,1,4,1,11,1
1,1,124,15,25,3,1,72,72,447,9,23,213,1,1,25,68,1,9,1,11,76,38,433,237,24,1,60,11,84,375,130,4,1,108,6,52,125,668,8,3,629,98,122,59,1,51,313,4,13,134,17,3,4,7,2,18,343,372,1,360,21,22,5,648,19,4,1,491,1,20,9,4,385,25,16,467,1,130,138,208,1,1,77,278,50,108,100,710,321,3,5,7,22,38,237,11,230,4,11,26,16,4,2,2,33,174,1,26,20,518,118,30,326,49,230,2,3,93,1,1,4,1,11,1
1,1,125,15,25,3,1,72,72,449,9,23,214,1,1,25,68,1,9,1,11,76,38,436,238,24,1,60,11,85,377,131,4,1,109,6,52,126,672,8,3,632,99,123,59,1,51,314,4,13,135,17,3,4,7,2,18,345,374,1,362,21,23,5,651,19,4,1,493,1,20,9,4,387,25,16,470,1,130,139,209,1,1,77,279,51,109,101,714,323,3,5,7,22,38,238,11,231,4,11,26,16,4,2,2,33,174,1,26,20,521,118,30,328,49,232,2,3,93,1,1,4,1,11,1
1,1,125,15,25,3,1,72,72,449,9,23,214,1,1,25,68,1,9,1,11,76,38,436,238,24,1,60,11,85,377,131,4,1,109,6,52,126,672,8,3,632,99,123,59,1,51,314,4,13,135,17,3,4,7,2,18,345,374,1,362,21,23,5,651,19,4,1,493,1,20,9,4,387,25,16,470,1,130,139,209,1,1,77,279,51,109,101,714,323,3,5,7,22,38,238,11,231,4,11,26,16,4,2,2,33,174,1,26,20,521,118,30,328,49,232,2,3,93,1,1,4,1,11,1
1,1,125,15,25,3,1,72,73,452,9,23,215,1,1,25,69,1,9,1,11,77,38,438,240,24,1,61,11,85,380,132,4,1,109,6,52,126,677,8,3,637,99,123,60,1,52,316,4,13,136,17,3,4,7,2,18,347,377,1,365,21,23,6,656,19,4,1,496,1,20,9,4,389,25,16,473,1,131,139,210,1,1,78,281,51,109,101,719,325,3,5,7,22,39,240,11,232,4,11,26,16,4,2,2,34,175,1,26,20,524,119,30,330,49,233,2,3,94,1,1,4,1,11,1
1,1,125,15,25,3,1,72,73,452,9,23,215,1,1,25,69,1,9,1,11,77,38,438,240,24,1,61,11,85,380,132,4,1,109,6,52,126,677,8,3,637,99,123,60,1,52,316,4,13,136,17,3,4,7,2,18,347,377,1,365,21,23,6,656,19,4,1,496,1,20,9,4,389,25,16,473,1,131,139,210,1,1,78,281,51,109,101,719,325,3,5,7,22,39,240,11,232,4,11,26,16,4,2,2,34,175,1,26,20,524,119,30,330,49,233,2,3,94,1,1,4,1,11,1
1,1,124,15,25,3,1,72,72,447,9,23,213,1,1,25,68,1,9,1,11,76,38,433,237,24,1,60,11,84,375,130,4,1,108,6,52,125,668,8,3,629,98,122,59,1,51,313,4,13,134,17,3,4,7,2,18,343,372,1,360,21,22,5,648,19,4,1,491,1,20,9,4,385,25,16,467,1,130,138,208,1,1,77,278,50,108,100,710,321,3,5,7,22,38,237,11,230,4,11,26,16,4,2,2,33,174,1,26,20,518,118,30,326,49,230,2,3,93,1,1,4,1,11,1
1,1,123,15,25,3,1,71,71,439,9,23,210,1,1,24,67,1,9,1,11,75,37,426,234,24,1,59,11,83,369,128,4,1,107,6,51,123,656,8,3,618,97,121,58,1,51,308,4,13,132,17,3,4,7,2,18,337,366,1,355,20,22,5,636,19,4,1,482,1,20,9,4,378,24,15,459,1,128,136,205,1,1,76,273,50,107,99,697,316,3,5,7,22,38,233,11,226,4,11,26,16,4,2,2,33,171,1,25,20,509,116,29,321,48,227,2,3,92,1,1,4,1,11,1
1,1,122,15,25,3,1,70,71,436,9,23,208,1,1,24,67,1,9,1,11,75,37,423,232,24,1,59,11,83,366,128,4,1,106,6,51,122,651,8,3,612,96,120,58,1,50,305,4,13,132,17,3,4,7,2,18,335,363,1,352,20,22,5,631,19,4,1,478,1,20,9,4,375,24,15,456,1,127,135,204,1,1,75,271,50,106,98,691,314,3,5,7,22,38,232,11,224,4,11,26,16,4,2,2,33,170,1,25,20,505,116,29,319,48,225,2,3,91,1,1,4,1,11,1
1,1,123,15,25,3,1,71,71,441,9,23,210,1,1,25,67,1,9,1,11,75,37,428,235,24,1,60,11,83,371,129,4,1,107,6,51,124,659,8,3,620,97,121,59,1,51,309,4,13,133,17,3,4,7,2,18,339,368,1,356,21,22,5,639,19,4,1,484,1,20,9,4,380,25,15,461,1,128,136,206,1,1,76,275,50,107,99,700,317,3,5,7,22,38,234,11,227,4,11,26,16,4,2,2,33,172,1,25,20,511,117,29,322,48,228,2,3,92,1,1,4,1,11,1
1,1,124,15,25,3,1,72,72,447,9,23,213,1,1,25,68,1,9,1,11,76,38,434,238,24,1,60,11,84,376,130,4,1,108,6,52,125,669,8,3,630,98,122,59,1,51,313,4,13,134,17,3,4,7,2,18,343,373,1,361,21,22,5,649,19,4,1,491,1,20,9,4,385,25,16,468,1,130,138,208,1,1,77,278,51,108,100,711,322,3,5,7,22,38,237,11,230,4,11,26,16,4,2,2,33,174,1,26,20,519,118,30,327,49,231,2,3,93,1,1,4,1,11,1
1,1,124,15,25,3,1,72,72,446,9,23,213,1,1,25,68,1,9,1,11,76,38,433,237,24,1,60,11,84,375,130,4,1,108,6,52,125,667,8,3,628,98,122,59,1,51,312,4,13,134,17,3,4,7,2,18,342,372,1,360,21,22,5,647,19,4,1,490,1,20,9,4,384,25,16,467,1,129,138,208,1,1,77,278,50,108,100,709,321,3,5,7,22,38,237,11,229,4,11,26,16,4,2,2,33,173,1,26,20,517,118,30,326,49,230,2,3,93,1,1,4,1,11,1
1,1,123,15,25,3,1,71,72,443,9,23,211,1,1,25,68,1,9,1,11,75,38,429,235,24,1,60,11,84,372,129,4,1,107,6,51,124,662,8,3,623,97,121,59,1,51,310,4,13,133,17,3,4,7,2,18,340,369,1,357,21,22,5,641,19,4,1,486,1,20,9,4,381,25,15,463,1,129,137,206,1,1,76,276,50,107,99,703,319,3,5,7,22,38,235,11,228,4,11,26,16,4,2,2,33,172,1,25,20,513,117,29,323,49,229,2,3,92,1,1,4,1,11,1
1,1,124,15,25,3,1,71,72,444,9,23,212,1,1,25,68,1,9,1,11,76,38,431,236,24,1,60,11,84,373,130,4,1,108,6,51,124,664,8,3,625,98,122,59,1,51,311,4,13,134,17,3,4,7,2,18,341,370,1,358,21,22,5,643,19,4,1,487,1,20,9,4,382,25,15,464,1,129,137,207,1,1,77,276,50,108,100,705,319,3,5,7,22,38,236,11,228,4,11,26,16,4,2,2,33,173,1,25,20,514,117,29,324,49,229,2,3,92,1,1,4,1,11,1
1,1,123,15,25,3,1,71,72,443,9,23,211,1,1,25,68,1,9,1,11,75,38,429,235,24,1,60,11,84,372,129,4,1,107,6,51,124,662,8,3,623,97,121,59,1,51,310,4,13,133,17,3,4,7,2,18,340,369,1,357,21,22,5,641,19,4,1,486,1,20,9,4,381,25,15,463,1,129,137,206,1,1,76,276,50,107,99,703,319,3,5,7,22,38,235,11,228,4,11,26,16,4,2,2,33,172,1,25,20,513,117,29,323,49,229,2,3,92,1,1,4,1,11,1
1,1,124,15,25,3,1,72,72,446,9,23,212,1,1,25,68,1,9,1,11,76,38,432,237,24,1,60,11,84,374,130,4,1,108,6,52,125,666,8,3,627,98,122,59,1,51,312,4,13,134,17,3,4,7,2,18,342,371,1,360,21,22,5,646,19,4,1,489,1,20,9,4,384,25,15,466,1,129,138,208,1,1,77,277,50,108,100,708,321,3,5,7,22,38,236,11,229,4,11,26,16,4,2,2,33,173,1,26,20,517,118,29,326,49,230,2,3,93,1,1,4,1,11,1
1,1,123,15,25,3,1,71,72,443,9,23,211,1,1,25,68,1,9,1,11,76,38,430,236,24,1,60,11,84,372,129,4,1,107,6,51,124,663,8,3,624,98,121,59,1,51,310,4,13,133,17,3,4,7,2,18,340,370,1,358,21,22,5,642,19,4,1,487,1,20,9,4,382,25,15,464,1,129,137,207,1,1,76,276,50,108,100,704,319,3,5,7,22,38,235,11,228,4,11,26,16,4,2,2,33,172,1,25,20,514,117,29,324,49,229,2,3,92,1,1,4,1,11,1
1,1,123,15,25,3,1,71,72,443,9,23,211,1,1,25,68,1,9,1,11,75,38,429,235,24,1,60,11,84,372,129,4,1,107,6,51,124,662,8,3,623,97,121,59,1,51,310,4,13,133,17,3,4,7,2,18,340,369,1,357,21,22,5,641,19,4,1,486,1,20,9,4,381,25,15,463,1,129,137,206,1,1,76,276,50,107,99,703,319,3,5,7,22,38,235,11,228,4,11,26,16,4,2,2,33,172,1,25,20,513,117,29,323,49,229,2,3,92,1,1,4,1,11,1
1,1,124,15,25,3,1,72,72,446,9,23,213,1,1,25,68,1,9,1,11,76,38,433,237,24,1,60,11,84,375,130,4,1,108,6,52,125,667,8,3,628,98,122,59,1,51,312,4,13,134,17,3,4,7,2,18,342,372,1,360,21,22,5,647,19,4,1,490,1,20,9,4,384,25,16,467,1,129,138,208,1,1,77,278,50,108,100,709,321,3,5,7,22,38,237,11,229,4,11,26,16,4,2,2,33,173,1,26,20,517,118,30,326,49,230,2,3,93,1,1,4,1,11,1
1,1,124,15,25,3,1,72,72,447,9,23,213,1,1,25,68,1,9,1,11,76,38,434,238,24,1,60,11,84,376,130,4,1,108,6,52,125,669,8,3,630,98,122,59,1,51,313,4,13,134,17,3,4,7,2,18,343,373,1,361,21,22,5,649,19,4,1,491,1,20,9,4,385,25,16,468,1,130,138,208,1,1,77,278,51,108,100,711,322,3,5,7,22,38,237,11,230,4,11,26,16,4,2,2,33,174,1,26,20,519,118,30,327,49,231,2,3,93,1,1,4,1,11,1
1,1,125,15,25,3,1,72,72,449,9,23,214,1,1,25,68,1,9,1,11,76,38,435,238,24,1,60,11,84,377,131,4,1,108,6,52,125,671,8,3,632,98,123,59,1,51,314,4,13,135,17,3,4,7,2,18,344,374,1,362,21,23,5,650,19,4,1,492,1,20,9,4,386,25,16,469,1,130,138,209,1,1,77,279,51,109,100,713,323,3,5,7,22,38,238,11,230,4,11,26,16,4,2,2,33,174,1,26,20,520,118,30,328,49,231,2,3,93,1,1,4,1,11,1
1,1,124,15,25,3,1,72,72,445,9,23,212,1,1,25,68,1,9,1,11,76,38,432,236,24,1,60,11,84,374,130,4,1,108,6,51,125,666,8,3,626,98,122,59,1,51,311,4,13,134,17,3,4,7,2,18,342,371,1,359,21,22,5,645,19,4,1,489,1,20,9,4,383,25,15,465,1,129,137,207,1,1,77,277,50,108,100,707,320,3,5,7,22,38,236,11,229,4,11,26,16,4,2,2,33,173,1,26,20,516,118,29,325,49,230,2,3,92,1,1,4,1,11,1
1,1,122,15,25,3,1,71,71,436,9,23,208,1,1,24,67,1,9,1,11,75,37,423,232,24,1,59,11,83,367,128,4,1,106,6,51,123,652,8,3,613,96,120,58,1,50,306,4,13,132,17,3,4,7,2,18,335,364,1,352,20,22,5,631,19,4,1,479,1,20,9,4,376,24,15,456,1,127,135,204,1,1,76,272,50,106,98,692,314,3,5,7,22,38,232,11,225,4,11,26,16,4,2,2,33,170,1,25,20,505,116,29,319,48,226,2,3,91,1,1,4,1,11,1
1,1,122,15,25,3,1,71,71,439,9,23,209,1,1,24,67,1,9,1,11,75,37,425,233,24,1,59,11,83,369,128,4,1,107,6,51,123,655,8,3,617,97,120,58,1,51,307,4,13,132,17,3,4,7,2,18,337,366,1,354,20,22,5,635,19,4,1,481,1,20,9,4,378,24,15,459,1,128,136,205,1,1,76,273,50,107,99,696,316,3,5,7,22,38,233,11,226,4,11,26,16,4,2,2,33,171,1,25,20,508,116,29,321,48,227,2,3,91,1,1,4,1,11,1
1,1,123,15,25,3,1,71,71,442,9,23,211,1,1,25,67,1,9,1,11,75,38,429,235,24,1,60,11,84,372,129,4,1,107,6,51,124,661,8,3,622,97,121,59,1,51,309,4,13,133,17,3,4,7,2,18,339,369,1,357,21,22,5,640,19,4,1,485,1,20,9,4,381,25,15,462,1,129,137,206,1,1,76,275,50,107,99,702,318,3,5,7,22,38,235,11,227,4,11,26,16,4,2,2,33,172,1,25,20,512,117,29,323,48,228,2,3,92,1,1,4,1,11,1
1,1,123,15,25,3,1,71,71,439,9,23,210,1,1,24,67,1,9,1,11,75,37,426,234,24,1,59,11,83,369,128,4,1,107,6,51,123,656,8,3,618,97,121,58,1,51,308,4,13,132,17,3,4,7,2,18,337,366,1,355,20,22,5,636,19,4,1,482,1,20,9,4,378,24,15,459,1,128,136,205,1,1,76,273,50,107,99,697,316,3,5,7,22,38,233,11,226,4,11,26,16,4,2,2,33,171,1,25,20,509,116,29,321,48,227,2,3,92,1,1,4,1,11,1
funcType,2
1,1,96,13,21,2,1,57,57,324,8,19,160,1,1,21,54,1,8,1,10,60,31,314,177,20,1,48,10,66,274,100,3,1,84,5,41,96,475,7,3,448,77,94,47,1,41,230,4,11,103,14,3,4,6,2,15,252,272,1,264,17,19,5,461,16,3,1,354,1,17,8,4,281,21,13,338,1,100,106,156,1,1,61,206,41,84,78,503,236,3,4,6,18,31,177,9,172,3,9,22,14,4,2,2,27,132,1,21,17,372,91,24,240,39,172,2,2,72,1,1,4,1,9,1
1,1,96,13,21,2,1,57,57,323,8,19,160,1,1,21,54,1,8,1,10,60,31,314,177,20,1,48,9,66,274,100,3,1,84,5,41,96,474,7,3,447,76,94,47,1,41,230,4,11,103,14,3,4,6,2,15,251,272,1,263,17,19,5,460,16,3,1,353,1,17,8,4,280,21,13,337,1,100,106,156,1,1,61,206,41,84,78,502,236,3,4,6,18,31,177,9,171,3,9,22,14,4,2,2,27,131,1,21,17,372,91,24,240,39,172,2,2,72,1,1,4,1,9,1
1,1,96,13,21,2,1,57,57,324,8,19,160,1,1,21,54,1,8,1,10,60,31,314,177,20,1,48,10,66,274,100,3,1,84,5,41,96,475,7,3,448,77,94,47,1,41,230,4,11,103,14,3,4,6,2,15,252,272,1,264,17,19,5,461,16,3,1,354,1,17,8,4,281,21,13,338,1,100,106,156,1,1,61,206,41,84,78,503,236,3,4,6,18,31,177,9,172,3,9,22,14,4,2,2,27,132,1,21,17,372,91,24,240,39,172,2,2,72,1,1,4,1,9,1
1,1,96,13,21,2,1,57,57,324,8,19,160,1,1,21,54,1,8,1,10,60,31,315,178,20,1,48,10,66,275,100,3,1,84,5,42,96,476,7,3,449,77,94,47,1,41,231,4,11,103,14,3,4,6,2,15,252,273,1,264,17,19,5,462,16,3,1,354,1,17,8,4,281,21,13,338,1,100,106,157,1,1,61,206,41,84,78,504,237,3,5,6,18,31,177,9,172,3,9,22,14,4,2,2,27,132,1,21,17,373,91,24,240,39,173,2,2,73,1,1,4,1,9,1
1,1,96,13,21,2,1,57,57,325,8,19,160,1,1,21,54,1,8,1,10,60,31,316,178,20,1,48,10,66,275,100,3,1,84,5,42,97,477,7,3,450,77,95,47,1,41,231,4,11,103,14,3,4,6,2,15,252,273,1,265,17,19,5,462,16,3,1,355,1,17,8,4,282,21,13,339,1,100,106,157,1,1,61,207,41,84,78,505,237,3,5,6,18,31,178,9,172,3,9,22,14,4,2,2,27,132,1,21,17,374,91,24,241,39,173,2,2,73,1,1,4,1,9,1
1,1,96,13,21,2,1,57,57,323,8,19,160,1,1,21,54,1,8,1,10,60,31,314,177,20,1,48,9,66,274,100,3,1,84,5,41,96,474,7,3,447,76,94,47,1,41,230,4,11,103,14,3,4,6,2,15,251,272,1,263,17,19,5,460,16,3,1,353,1,17,8,4,280,21,13,337,1,100,106,156,1,1,61,206,41,84,78,502,236,3,4,6,18,31,177,9,171,3,9,22,14,4,2,2,27,131,1,21,17,372,91,24,240,39,172,2,2,72,1,1,4,1,9,1
1,1,96,13,21,2,1,57,57,323,8,19,160,1,1,21,54,1,8,1,10,60,31,314,177,20,1,48,9,66,274,100,3,1,84,5,41,96,474,7,3,447,76,94,47,1,41,230,4,11,103,14,3,4,6,2,15,251,272,1,263,17,19,5,460,16,3,1,353,1,17,8,4,280,21,13,337,1,100,106,156,1,1,61,206,41,84,78,502,236,3,4,6,18,31,177,9,171,3,9,22,14,4,2,2,27,131,1,21,17,372,91,24,240,39,172,2,2,72,1,1,4,1,9,1
1,1,96,13,21,2,1,57,57,324,8,19,160,1,1,21,54,1,8,1,10,60,31,314,177,20,1,48,10,66,274,100,3,1,84,5,41,96,475,7,3,448,77,94,47,1,41,230,4,11,103,14,3,4,6,2,15,252,272,1,264,17,19,5,461,16,3,1,354,1,17,8,4,281,21,13,338,1,100,106,156,1,1,61,206,41,84,78,503,236,3,4,6,18,31,177,9,172,3,9,22,14,4,2,2,27,132,1,21,17,372,91,24,240,39,172,2,2,72,1,1,4,1,9,1
1,1,96,13,21,2,1,57,57,325,8,19,160,1,1,21,54,1,8,1,10,60,31,316,178,20,1,48,10,66,275,100,3,1,84,5,42,97,477,7,3,450,77,95,47,1,41,231,4,11,103,14,3,4,6,2,15,252,273,1,265,17,19,5,462,16,3,1,355,1,17,8,4,282,21,13,339,1,100,106,157,1,1,61,207,41,84,78,505,237,3,5,6,18,31,178,9,172,3,9,22,14,4,2,2,27,132,1,21,17,374,91,24,241,39,173,2,2,73,1,1,4,1,9,1
1,1,96,13,21,2,1,57,57,325,8,19,160,1,1,21,54,1,8,1,10,60,31,316,178,20,1,48,10,66,275,100,3,1,84,5,42,97,477,7,3,450,77,95,47,1,41,231,4,11,103,14,3,4,6,2,15,252,273,1,265,17,19,5,462,16,3,1,355,1,17,8,4,282,21,13,339,1,100,106,157,1,1,61,207,41,84,78,505,237,3,5,6,18,31,178,9,172,3,9,22,14,4,2,2,27,132,1,21,17,374,91,24,241,39,173,2,2,73,1,1,4,1,9,1
1,1,96,13,21,2,1,57,57,324,8,19,160,1,1,21,54,1,8,1,10,60,31,314,177,20,1,48,10,66,274,100,3,1,84,5,41,96,475,7,3,448,77,94,47,1,41,230,4,11,103,14,3,4,6,2,15,252,272,1,264,17,19,5,461,16,3,1,354,1,17,8,4,281,21,13,338,1,100,106,156,1,1,61,206,41,84,78,503,236,3,4,6,18,31,177,9,172,3,9,22,14,4,2,2,27,132,1,21,17,372,91,24,240,39,172,2,2,72,1,1,4,1,9,1
1,1,96,13,21,2,1,57,57,324,8,19,160,1,1,21,54,1,8,1,10,60,31,314,177,20,1,48,10,66,274,100,3,1,84,5,41,96,475,7,3,448,77,94,47,1,41,230,4,11,103,14,3,4,6,2,15,252,272,1,264,17,19,5,461,16,3,1,354,1,17,8,4,281,21,13,338,1,100,106,156,1,1,61,206,41,84,78,503,236,3,4,6,18,31,177,9,172,3,9,22,14,4,2,2,27,132,1,21,17,372,91,24,240,39,172,2,2,72,1,1,4,1,9,1
1,1,96,13,21,2,1,57,57,324,8,19,160,1,1,21,54,1,8,1,10,60,31,315,178,20,1,48,10,66,275,100,3,1,84,5,42,96,476,7,3,449,77,94,47,1,41,231,4,11,103,14,3,4,6,2,15,252,273,1,264,17,19,5,462,16,3,1,354,1,17,8,4,281,21,13,338,1,100,106,157,1,1,61,206,41,84,78,504,237,3,5,6,18,31,177,9,172,3,9,22,14,4,2,2,27,132,1,21,17,373,91,24,240,39,173,2,2,73,1,1,4,1,9,1
1,1,96,13,21,2,1,57,57,325,8,19,160,1,1,21,54,1,8,1,10,60,31,316,178,20,1,48,10,66,275,100,3,1,84,5,42,97,477,7,3,450,77,95,47,1,41,231,4,11,103,14,3,4,6,2,15,252,273,1,265,17,19,5,462,16,3,1,355,1,17,8,4,282,21,13,339,1,100,106,157,1,1,61,207,41,84,78,505,237,3,5,6,18,31,178,9,172,3,9,22,14,4,2,2,27,132,1,21,17,374,91,24,241,39,173,2,2,73,1,1,4,1,9,1
1,1,96,13,21,2,1,57,57,325,8,19,161,1,1,21,54,1,8,1,10,60,31,316,178,20,1,48,10,66,276,101,3,1,84,5,42,97,477,7,3,451,77,95,47,1,41,232,4,11,104,15,3,4,6,2,15,253,274,1,265,17,19,5,463,16,3,1,356,1,17,8,4,282,21,13,340,1,100,106,157,1,1,61,207,41,84,78,506,238,3,5,6,18,31,178,9,173,3,9,22,14,4,2,2,27,132,1,21,17,375,91,24,241,39,173,2,2,73,1,1,4,1,9,1
1,1,96,13,21,2,1,57,57,323,8,19,160,1,1,21,54,1,8,1,10,60,31,314,177,20,1,48,9,66,274,100,3,1,84,5,41,96,474,7,3,447,76,94,47,1,41,230,4,11,103,14,3,4,6,2,15,251,272,1,263,17,19,5,460,16,3,1,353,1,17,8,4,280,21,13,337,1,100,106,156,1,1,61,206,41,84,78,502,236,3,4,6,18,31,177,9,171,3,9,22,14,4,2,2,27,131,1,21,17,372,91,24,240,39,172,2,2,72,1,1,4,1,9,1
1,1,96,13,21,2,1,57,57,323,8,19,160,1,1,21,54,1,8,1,10,60,31,314,177,20,1,48,9,66,274,100,3,1,84,5,41,96,474,7,3,447,76,94,47,1,41,230,4,11,103,14,3,4,6,2,15,251,272,1,263,17,19,5,460,16,3,1,353,1,17,8,4,280,21,13,337,1,100,106,156,1,1,61,206,41,84,78,502,236,3,4,6,18,31,177,9,171,3,9,22,14,4,2,2,27,131,1,21,17,372,91,24,240,39,172,2,2,72,1,1,4,1,9,1
1,1,96,13,21,2,1,57,57,323,8,19,160,1,1,21,54,1,8,1,10,60,31,314,177,20,1,48,9,66,274,100,3,1,84,5,41,96,474,7,3,447,76,94,47,1,41,230,4,11,103,14,3,4,6,2,15,251,272,1,263,17,19,5,460,16,3,1,353,1,17,8,4,280,21,13,337,1,100,106,156,1,1,61,206,41,84,78,502,236,3,4,6,18,31,177,9,171,3,9,22,14,4,2,2,27,131,1,21,17,372,91,24,240,39,172,2,2,72,1,1,4,1,9,1
1,1,96,13,21,2,1,57,57,324,8,19,160,1,1,21,54,1,8,1,10,60,31,314,177,20,1,48,10,66,274,100,3,1,84,5,41,96,475,7,3,448,77,94,47,1,41,230,4,11,103,14,3,4,6,2,15,252,272,1,264,17,19,5,461,16,3,1,354,1,17,8,4,281,21,13,338,1,100,106,156,1,1,61,206,41,84,78,503,236,3,4,6,18,31,177,9,172,3,9,22,14,4,2,2,27,132,1,21,17,372,91,24,240,39,172,2,2,72,1,1,4,1,9,1
1,1,96,13,21,2,1,57,57,324,8,19,160,1,1,21,54,1,8,1,10,60,31,315,178,20,1,48,10,66,275,100,3,1,84,5,42,96,476,7,3,449,77,94,47,1,41,231,4,11,103,14,3,4,6,2,15,252,273,1,264,17,19,5,462,16,3,1,354,1,17,8,4,281,21,13,338,1,100,106,157,1,1,61,206,41,84,78,504,237,3,5,6,18,31,177,9,172,3,9,22,14,4,2,2,27,132,1,21,17,373,91,24,240,39,173,2,2,73,1,1,4,1,9,1
1,1,95,13,21,2,1,57,57,322,8,19,159,1,1,21,54,1,8,1,10,60,31,313,177,20,1,48,9,66,273,100,3,1,84,5,41,96,473,7,3,446,76,94,47,1,41,230,4,11,103,14,3,4,6,2,15,251,271,1,263,17,19,5,459,16,3,1,352,1,17,8,4,280,21,13,336,1,99,105,156,1,1,60,205,41,84,78,501,236,3,4,6,18,31,176,9,171,3,9,22,14,4,2,2,27,131,1,21,17,371,91,24,239,39,172,2,2,72,1,1,4,1,9,1
1,1,96,13,21,2,1,57,57,323,8,19,160,1,1,21,54,1,8,1,10,60,31,314,177,20,1,48,9,66,274,100,3,1,84,5,41,96,474,7,3,447,76,94,47,1,41,230,4,11,103,14,3,4,6,2,15,251,272,1,263,17,19,5,460,16,3,1,353,1,17,8,4,280,21,13,337,1,100,106,156,1,1,61,206,41,84,78,502,236,3,4,6,18,31,177,9,171,3,9,22,14,4,2,2,27,131,1,21,17,372,91,24,240,39,172,2,2,72,1,1,4,1,9,1
1,1,96,13,21,2,1,57,57,324,8,19,160,1,1,21,54,1,8,1,10,60,31,315,178,20,1,48,10,66,275,100,3,1,84,5,42,96,476,7,3,449,77,94,47,1,41,231,4,11,103,14,3,4,6,2,15,252,273,1,264,17,19,5,462,16,3,1,354,1,17,8,4,281,21,13,338,1,100,106,157,1,1,61,206,41,84,78,504,237,3,5,6,18,31,177,9,172,3,9,22,14,4,2,2,27,132,1,21,17,373,91,24,240,39,173,2,2,73,1,1,4,1,9,1
1,1,96,13,21,2,1,57,57,324,8,19,160,1,1,21,54,1,8,1,10,60,31,315,178,20,1,48,10,66,275,100,3,1,84,5,42,96,476,7,3,449,77,94,47,1,41,231,4,11,103,14,3,4,6,2,15,252,273,1,264,17,19,5,462,16,3,1,354,1,17,8,4,281,21,13,338,1,100,106,157,1,1,61,206,41,84,78,504,237,3,5,6,18,31,177,9,172,3,9,22,14,4,2,2,27,132,1,21,17,373,91,24,240,39,173,2,2,73,1,1,4,1,9,1
1,1,96,13,21,2,1,57,57,325,8,19,161,1,1,21,54,1,8,1,10,60,31,316,178,20,1,48,10,66,276,101,3,1,84,5,42,97,477,7,3,451,77,95,47,1,41,232,4,11,104,15,3,4,6,2,15,253,274,1,265,17,19,5,463,16,3,1,356,1,17,8,4,282,21,13,340,1,100,106,157,1,1,61,207,41,84,78,506,238,3,5,6,18,31,178,9,173,3,9,22,14,4,2,2,27,132,1,21,17,375,91,24,241,39,173,2,2,73,1,1,4,1,9,1
1,1,96,13,21,2,1,57,57,324,8,19,160,1,1,21,54,1,8,1,10,60,31,314,177,20,1,48,10,66,274,100,3,1,84,5,41,96,475,7,3,448,77,94,47,1,41,230,4,11,103,14,3,4,6,2,15,252,272,1,264,17,19,5,461,16,3,1,354,1,17,8,4,281,21,13,338,1,100,106,156,1,1,61,206,41,84,78,503,236,3,4,6,18,31,177,9,172,3,9,22,14,4,2,2,27,132,1,21,17,372,91,24,240,39,172,2,2,72,1,1,4,1,9,1
1,1,96,13,21,2,1,57,57,324,8,19,160,1,1,21,54,1,8,1,10,60,31,315,178,20,1,48,10,66,275,100,3,1,84,5,42,96,476,7,3,449,77,94,47,1,41,231,4,11,103,14,3,4,6,2,15,252,273,1,264,17,19,5,462,16,3,1,354,1,17,8,4,281,21,13,338,1,100,106,157,1,1,61,206,41,84,78,504,237,3,5,6,18,31,177,9,172,3,9,22,14,4,2,2,27,132,1,21,17,373,91,24,240,39,173,2,2,73,1,1,4,1,9,1
1,1,96,13,21,2,1,57,57,324,8,19,160,1,1,21,54,1,8,1,10,60,31,315,178,20,1,48,10,66,275,100,3,1,84,5,42,96,476,7,3,449,77,94,47,1,41,231,4,11,103,14,3,4,6,2,15,252,273,1,264,17,19,5,462,16,3,1,354,1,17,8,4,281,21,13,338,1,100,106,157,1,1,61,206,41,84,78,504,237,3,5,6,18,31,177,9,172,3,9,22,14,4,2,2,27,132,1,21,17,373,91,24,240,39,173,2,2,73,1,1,4,1,9,1
1,1,96,13,21,2,1,57,57,325,8,19,161,1,1,21,54,1,8,1,10,60,31,316,178,20,1,48,10,66,276,101,3,1,84,5,42,97,477,7,3,451,77,95,47,1,41,232,4,11,104,15,3,4,6,2,15,253,274,1,265,17,19,5,463,16,3,1,356,1,17,8,4,282,21,13,340,1,100,106,157,1,1,61,207,41,84,78,506,238,3,5,6,18,31,178,9,173,3,9,22,14,4,2,2,27,132,1,21,17,375,91,24,241,39,173,2,2,73,1,1,4,1,9,1
1,1,96,13,21,2,1,57,57,325,8,19,161,1,1,21,54,1,8,1,10,60,31,316,178,20,1,48,10,66,276,101,3,1,84,5,42,97,477,7,3,451,77,95,47,1,41,232,4,11,104,15,3,4,6,2,15,253,274,1,265,17,19,5,463,16,3,1,356,1,17,8,4,282,21,13,340,1,100,106,157,1,1,61,207,41,84,78,506,238,3,5,6,18,31,178,9,173,3,9,22,14,4,2,2,27,132,1,21,17,375,91,24,241,39,173,2,2,73,1,1,4,1,9,1
funcType,3
1,1,59,9,15,2,1,37,37,178,6,14,94,1,1,15,35,1,6,1,7,39,21,174,103,14,1,32,7,42,153,62,3,1,52,4,28,59,252,5,3,239,48,58,31,1,28,131,3,8,63,11,2,3,5,2,11,142,152,1,148,13,14,4,245,12,3,1,193,1,12,6,3,157,15,10,185,1,61,65,92,1,1,39,118,27,52,49,266,134,2,4,5,13,21,103,7,100,3,7,15,10,3,2,1,19,79,1,15,12,202,56,17,136,26,101,1,2,46,1,1,3,1,7,1
1,1,59,9,15,2,1,37,37,179,6,14,94,1,1,15,35,1,6,1,7,39,21,174,104,14,1,32,7,42,154,62,3,1,53,4,28,60,253,5,3,240,48,58,31,1,28,131,3,8,63,11,2,3,5,2,11,142,153,1,149,13,14,4,246,12,3,1,194,1,12,6,3,157,15,10,186,1,61,65,93,1,1,39,119,27,53,49,267,135,2,4,5,13,21,103,7,101,3,7,15,10,3,2,1,19,79,1,15,12,203,57,17,136,26,101,1,2,46,1,1,3,1,7,1
1,1,61,10,15,2,1,38,38,186,6,14,98,1,1,15,36,1,6,1,7,40,22,181,107,15,1,33,7,44,160,64,3,1,54,4,28,61,263,5,3,250,50,60,32,1,28,136,3,8,65,11,2,3,5,2,11,148,159,1,154,13,14,4,256,12,3,1,201,1,13,6,3,163,15,10,193,1,63,67,96,1,1,40,123,28,54,51,278,139,2,4,5,14,22,107,7,104,3,7,16,10,3,2,1,20,82,1,15,12,211,58,18,141,27,104,1,2,47,1,1,3,1,7,1
1,1,62,10,15,2,1,38,39,189,6,14,99,1,1,15,37,1,6,1,8,40,22,184,109,15,1,33,7,44,162,65,3,1,55,4,29,62,268,5,3,254,50,61,32,1,29,138,3,8,66,11,2,3,5,2,12,150,161,1,157,13,14,4,261,12,3,1,205,1,13,6,3,166,15,10,196,1,64,68,97,1,1,41,125,28,55,51,283,142,2,4,5,14,22,109,7,106,3,7,16,10,3,2,1,20,83,1,16,12,215,59,18,144,27,106,1,2,48,1,1,3,1,7,1
1,1,60,10,15,2,1,37,38,183,6,14,96,1,1,15,36,1,6,1,7,39,21,178,106,15,1,32,7,43,157,63,3,1,53,4,28,61,259,5,3,246,49,59,32,1,28,134,3,8,64,11,2,3,5,2,11,145,156,1,152,13,14,4,252,12,3,1,198,1,12,6,3,160,15,10,190,1,63,66,94,1,1,40,121,28,53,50,273,137,2,4,5,13,22,105,7,103,3,7,16,10,3,2,1,19,81,1,15,12,207,58,17,139,27,103,1,2,47,1,1,3,1,7,1
1,1,60,10,15,2,1,37,37,181,6,14,95,1,1,15,36,1,6,1,7,39,21,177,105,15,1,32,7,43,156,62,3,1,53,4,28,60,257,5,3,244,49,59,31,1,28,133,3,8,64,11,2,3,5,2,11,144,155,1,151,13,14,4,250,12,3,1,197,1,12,6,3,159,15,10,189,1,62,66,94,1,1,40,120,27,53,50,271,136,2,4,5,13,22,105,7,102,3,7,16,10,3,2,1,19,80,1,15,12,206,57,17,138,27,102,1,2,47,1,1,3,1,7,1
1,1,60,10,15,2,1,37,37,181,6,14,95,1,1,15,36,1,6,1,7,39,21,177,105,15,1,32,7,43,156,62,3,1,53,4,28,60,257,5,3,244,49,59,31,1,28,133,3,8,64,11,2,3,5,2,11,144,155,1,151,13,14,4,250,12,3,1,197,1,12,6,3,159,15,10,189,1,62,66,94,1,1,40,120,27,53,50,271,136,2,4,5,13,22,105,7,102,3,7,16,10,3,2,1,19,80,1,15,12,206,57,17,138,27,102,1,2,47,1,1,3,1,7,1
1,1,59,9,15,2,1,37,37,178,6,14,94,1,1,15,35,1,6,1,7,39,21,174,103,14,1,32,7,42,153,62,3,1,52,4,28,59,252,5,3,239,48,58,31,1,28,131,3,8,63,11,2,3,5,2,11,142,152,1,148,13,14,4,245,12,3,1,193,1,12,6,3,157,15,10,185,1,61,65,92,1,1,39,118,27,52,49,266,134,2,4,5,13,21,103,7,100,3,7,15,10,3,2,1,19,79,1,15,12,202,56,17,136,26,101,1,2,46,1,1,3,1,7,1
1,1,60,10,15,2,1,37,37,180,6,14,95,1,1,15,35,1,6,1,7,39,21,175,104,15,1,32,7,43,155,62,3,1,53,4,28,60,255,5,3,242,49,59,31,1,28,132,3,8,64,11,2,3,5,2,11,143,154,1,150,13,14,4,248,12,3,1,195,1,12,6,3,158,15,10,187,1,62,65,93,1,1,39,119,27,53,49,269,135,2,4,5,13,22,104,7,101,3,7,15,10,3,2,1,19,80,1,15,12,205,57,17,137,27,102,1,2,46,1,1,3,1,7,1
1,1,59,10,15,2,1,37,37,179,6,14,95,1,1,15,35,1,6,1,7,39,21,175,104,14,1,32,7,42,154,62,3,1,53,4,28,60,254,5,3,241,49,59,31,1,28,132,3,8,64,11,2,3,5,2,11,143,153,1,149,13,14,4,247,12,3,1,195,1,12,6,3,158,15,10,187,1,62,65,93,1,1,39,119,27,53,49,268,135,2,4,5,13,22,104,7,101,3,7,15,10,3,2,1,19,79,1,15,12,204,57,17,137,27,101,1,2,46,1,1,3,1,7,1
1,1,59,10,15,2,1,37,37,179,6,14,95,1,1,15,35,1,6,1,7,39,21,175,104,14,1,32,7,42,154,62,3,1,53,4,28,60,254,5,3,241,49,59,31,1,28,132,3,8,64,11,2,3,5,2,11,143,153,1,149,13,14,4,247,12,3,1,195,1,12,6,3,158,15,10,187,1,62,65,93,1,1,39,119,27,53,49,268,135,2,4,5,13,22,104,7,101,3,7,15,10,3,2,1,19,79,1,15,12,204,57,17,137,27,101,1,2,46,1,1,3,1,7,1
1,1,59,9,15,2,1,37,37,178,6,14,94,1,1,15,35,1,6,1,7,39,21,173,103,14,1,32,7,42,153,61,3,1,52,4,28,59,251,5,3,238,48,58,31,1,27,131,3,8,63,11,2,3,5,2,11,141,152,1,148,13,13,4,245,12,3,1,192,1,12,6,3,156,15,10,185,1,61,64,92,1,1,39,118,27,52,49,265,134,2,4,5,13,21,103,7,100,3,7,15,10,3,2,1,19,79,1,15,12,202,56,17,135,26,100,1,2,46,1,1,3,1,7,1
1,1,60,10,15,2,1,37,37,180,6,14,95,1,1,15,35,1,6,1,7,39,21,175,104,15,1,32,7,43,155,62,3,1,53,4,28,60,255,5,3,242,49,59,31,1,28,132,3,8,64,11,2,3,5,2,11,143,154,1,150,13,14,4,248,12,3,1,195,1,12,6,3,158,15,10,187,1,62,65,93,1,1,39,119,27,53,49,269,135,2,4,5,13,22,104,7,101,3,7,15,10,3,2,1,19,80,1,15,12,205,57,17,137,27,102,1,2,46,1,1,3,1,7,1
1,1,59,9,15,2,1,37,37,179,6,14,94,1,1,15,35,1,6,1,7,39,21,174,104,14,1,32,7,42,154,62,3,1,53,4,28,60,253,5,3,240,48,58,31,1,28,131,3,8,63,11,2,3,5,2,11,142,153,1,149,13,14,4,246,12,3,1,194,1,12,6,3,157,15,10,186,1,61,65,93,1,1,39,119,27,53,49,267,135,2,4,5,13,21,103,7,101,3,7,15,10,3,2,1,19,79,1,15,12,203,57,17,136,26,101,1,2,46,1,1,3,1,7,1
1,1,59,9,15,2,1,37,37,179,6,14,94,1,1,15,35,1,6,1,7,39,21,174,104,14,1,32,7,42,154,62,3,1,53,4,28,60,253,5,3,240,48,58,31,1,28,131,3,8,63,11,2,3,5,2,11,142,153,1,149,13,14,4,246,12,3,1,194,1,12,6,3,157,15,10,186,1,61,65,93,1,1,39,119,27,53,49,267,135,2,4,5,13,21,103,7,101,3,7,15,10,3,2,1,19,79,1,15,12,203,57,17,136,26,101,1,2,46,1,1,3,1,7,1
1,1,59,9,15,2,1,37,37,179,6,14,94,1,1,15,35,1,6,1,7,39,21,174,104,14,1,32,7,42,154,62,3,1,53,4,28,60,253,5,3,240,48,58,31,1,28,131,3,8,63,11,2,3,5,2,11,142,153,1,149,13,14,4,246,12,3,1,194,1,12,6,3,157,15,10,186,1,61,65,93,1,1,39,119,27,53,49,267,135,2,4,5,13,21,103,7,101,3,7,15,10,3,2,1,19,79,1,15,12,203,57,17,136,26,101,1,2,46,1,1,3,1,7,1
1,1,60,10,15,2,1,37,37,181,6,14,95,1,1,15,36,1,6,1,7,39,21,177,105,15,1,32,7,43,156,62,3,1,53,4,28,60,257,5,3,244,49,59,31,1,28,133,3,8,64,11,2,3,5,2,11,144,155,1,151,13,14,4,250,12,3,1,197,1,12,6,3,159,15,10,189,1,62,66,94,1,1,40,120,27,53,50,271,136,2,4,5,13,22,105,7,102,3,7,16,10,3,2,1,19,80,1,15,12,206,57,17,138,27,102,1,2,47,1,1,3,1,7,1
1,1,60,10,15,2,1,37,38,183,6,14,96,1,1,15,36,1,6,1,7,39,21,178,106,15,1,32,7,43,157,63,3,1,53,4,28,61,259,5,3,246,49,59,32,1,28,134,3,8,64,11,2,3,5,2,11,145,156,1,152,13,14,4,252,12,3,1,198,1,12,6,3,160,15,10,190,1,63,66,94,1,1,40,121,28,53,50,273,137,2,4,5,13,22,105,7,103,3,7,16,10,3,2,1,19,81,1,15,12,207,58,17,139,27,103,1,2,47,1,1,3,1,7,1
1,1,60,10,15,2,1,37,37,181,6,14,95,1,1,15,36,1,6,1,7,39,21,177,105,15,1,32,7,43,156,62,3,1,53,4,28,60,257,5,3,244,49,59,31,1,28,133,3,8,64,11,2,3,5,2,11,144,155,1,151,13,14,4,250,12,3,1,197,1,12,6,3,159,15,10,189,1,62,66,94,1,1,40,120,27,53,50,271,136,2,4,5,13,22,105,7,102,3,7,16,10,3,2,1,19,80,1,15,12,206,57,17,138,27,102,1,2,47,1,1,3,1,7,1
1,1,60,10,15,2,1,37,37,181,6,14,95,1,1,15,35,1,6,1,7,39,21,176,105,15,1,32,7,43,155,62,3,1,53,4,28,60,256,5,3,243,49,59,31,1,28,133,3,8,64,11,2,3,5,2,11,144,154,1,150,13,14,4,249,12,3,1,196,1,12,6,3,159,15,10,188,1,62,65,93,1,1,39,120,27,53,50,270,136,2,4,5,13,22,104,7,102,3,7,16,10,3,2,1,19,80,1,15,12,205,57,17,138,27,102,1,2,46,1,1,3,1,7,1
1,1,59,9,15,2,1,37,37,177,6,14,93,1,1,15,35,1,6,1,7,38,21,172,103,14,1,31,7,42,152,61,3,1,52,4,28,59,250,5,3,238,48,58,31,1,27,130,3,8,63,11,2,3,5,2,11,141,151,1,147,13,13,4,244,12,3,1,192,1,12,6,3,156,15,10,184,1,61,64,92,1,1,39,118,27,52,49,264,133,2,4,5,13,21,102,7,100,3,7,15,10,3,2,1,19,78,1,15,12,201,56,17,135,26,100,1,2,46,1,1,3,1,7,1
1,1,59,9,15,2,1,37,37,177,6,14,93,1,1,15,35,1,6,1,7,38,21,172,103,14,1,31,7,42,152,61,3,1,52,4,28,59,250,5,3,238,48,58,31,1,27,130,3,8,63,11,2,3,5,2,11,141,151,1,147,13,13,4,244,12,3,1,192,1,12,6,3,156,15,10,184,1,61,64,92,1,1,39,118,27,52,49,264,133,2,4,5,13,21,102,7,100,3,7,15,10,3,2,1,19,78,1,15,12,201,56,17,135,26,100,1,2,46,1,1,3,1,7,1
1,1,59,10,15,2,1,37,37,179,6,14,95,1,1,15,35,1,6,1,7,39,21,175,104,14,1,32,7,42,154,62,3,1,53,4,28,60,254,5,3,241,49,59,31,1,28,132,3,8,64,11,2,3,5,2,11,143,153,1,149,13,14,4,247,12,3,1,195,1,12,6,3,158,15,10,187,1,62,65,93,1,1,39,119,27,53,49,268,135,2,4,5,13,22,104,7,101,3,7,15,10,3,2,1,19,79,1,15,12,204,57,17,137,27,101,1,2,46,1,1,3,1,7,1
1,1,60,10,15,2,1,37,37,182,6,14,96,1,1,15,36,1,6,1,7,39,21,177,105,15,1,32,7,43,156,63,3,1,53,4,28,60,258,5,3,245,49,59,32,1,28,134,3,8,64,11,2,3,5,2,11,145,155,1,151,13,14,4,251,12,3,1,197,1,12,6,3,160,15,10,189,1,62,66,94,1,1,40,121,28,53,50,272,137,2,4,5,13,22,105,7,102,3,7,16,10,3,2,1,19,80,1,15,12,207,57,17,139,27,103,1,2,47,1,1,3,1,7,1
1,1,60,10,15,2,1,37,38,183,6,14,96,1,1,15,36,1,6,1,7,39,21,178,106,15,1,32,7,43,157,63,3,1,53,4,28,61,259,5,3,246,49,59,32,1,28,134,3,8,64,11,2,3,5,2,11,145,156,1,152,13,14,4,252,12,3,1,198,1,12,6,3,160,15,10,190,1,63,66,94,1,1,40,121,28,53,50,273,137,2,4,5,13,22,105,7,103,3,7,16,10,3,2,1,19,81,1,15,12,207,58,17,139,27,103,1,2,47,1,1,3,1,7,1
1,1,60,10,15,2,1,37,37,181,6,14,95,1,1,15,35,1,6,1,7,39,21,176,105,15,1,32,7,43,155,62,3,1,53,4,28,60,256,5,3,243,49,59,31,1,28,133,3,8,64,11,2,3,5,2,11,144,154,1,150,13,14,4,249,12,3,1,196,1,12,6,3,159,15,10,188,1,62,65,93,1,1,39,120,27,53,50,270,136,2,4,5,13,22,104,7,102,3,7,16,10,3,2,1,19,80,1,15,12,205,57,17,138,27,102,1,2,46,1,1,3,1,7,1
1,1,60,10,15,2,1,37,37,180,6,14,95,1,1,15,35,1,6,1,7,39,21,175,104,15,1,32,7,43,155,62,3,1,53,4,28,60,255,5,3,242,49,59,31,1,28,132,3,8,64,11,2,3,5,2,11,143,154,1,150,13,14,4,248,12,3,1,195,1,12,6,3,158,15,10,187,1,62,65,93,1,1,39,119,27,53,49,269,135,2,4,5,13,22,104,7,101,3,7,15,10,3,2,1,19,80,1,15,12,205,57,17,137,27,102,1,2,46,1,1,3,1,7,1
1,1,59,10,15,2,1,37,37,179,6,14,95,1,1,15,35,1,6,1,7,39,21,175,104,14,1,32,7,42,154,62,3,1,53,4,28,60,254,5,3,241,49,59,31,1,28,132,3,8,64,11,2,3,5,2,11,143,153,1,149,13,14,4,247,12,3,1,195,1,12,6,3,158,15,10,187,1,62,65,93,1,1,39,119,27,53,49,268,135,2,4,5,13,22,104,7,101,3,7,15,10,3,2,1,19,79,1,15,12,204,57,17,137,27,101,1,2,46,1,1,3,1,7,1
1,1,59,10,15,2,1,37,37,179,6,14,95,1,1,15,35,1,6,1,7,39,21,175,104,14,1,32,7,42,154,62,3,1,53,4,28,60,254,5,3,241,49,59,31,1,28,132,3,8,64,11,2,3,5,2,11,143,153,1,149,13,14,4,247,12,3,1,195,1,12,6,3,158,15,10,187,1,62,65,93,1,1,39,119,27,53,49,268,135,2,4,5,13,22,104,7,101,3,7,15,10,3,2,1,19,79,1,15,12,204,57,17,137,27,101,1,2,46,1,1,3,1,7,1
1,1,60,10,15,2,1,37,37,181,6,14,95,1,1,15,36,1,6,1,7,39,21,177,105,15,1,32,7,43,156,62,3,1,53,4,28,60,257,5,3,244,49,59,31,1,28,133,3,8,64,11,2,3,5,2,11,144,155,1,151,13,14,4,250,12,3,1,197,1,12,6,3,159,15,10,189,1,62,66,94,1,1,40,120,27,53,50,271,136,2,4,5,13,22,105,7,102,3,7,16,10,3,2,1,19,80,1,15,12,206,57,17,138,27,102,1,2,47,1,1,3,1,7,1
funcType,4
1,1,55,9,14,2,1,35,35,164,6,13,88,1,1,14,33,1,6,1,7,36,20,160,96,14,1,30,7,40,142,58,3,1,49,4,26,56,232,5,3,220,45,55,29,1,26,121,3,8,59,10,2,3,5,2,11,131,141,1,137,12,13,4,225,11,3,1,178,1,12,6,3,145,14,9,171,1,57,61,86,1,1,37,110,26,49,46,244,124,2,4,5,13,20,96,7,93,3,7,15,10,3,2,1,18,74,1,14,12,186,53,16,126,25,94,1,2,43,1,1,3,1,7,1
1,1,55,9,14,2,1,35,35,164,6,13,88,1,1,14,33,1,6,1,7,36,20,160,96,14,1,30,7,40,142,58,3,1,49,4,26,56,232,5,3,220,45,55,29,1,26,121,3,8,59,10,2,3,5,2,11,131,141,1,137,12,13,4,225,11,3,1,178,1,12,6,3,145,14,9,171,1,57,61,86,1,1,37,110,26,49,46,244,124,2,4,5,13,20,96,7,93,3,7,15,10,3,2,1,18,74,1,14,12,186,53,16,126,25,94,1,2,43,1,1,3,1,7,1
1,1,56,9,14,2,1,35,35,166,6,13,88,1,1,14,33,1,6,1,7,37,20,162,97,14,1,30,7,40,143,58,3,1,50,4,26,56,234,5,3,223,46,55,30,1,26,123,3,8,60,10,2,3,5,2,11,133,142,1,139,12,13,4,228,11,3,1,180,1,12,6,3,146,14,9,173,1,58,61,87,1,1,37,111,26,50,47,247,126,2,4,5,13,21,97,7,94,3,7,15,10,3,2,1,18,74,1,15,12,189,53,16,127,25,95,1,2,44,1,1,3,1,7,1
1,1,55,9,14,2,1,35,35,164,6,13,88,1,1,14,33,1,6,1,7,36,20,160,96,14,1,30,7,40,142,58,3,1,49,4,26,56,232,5,3,220,45,55,29,1,26,121,3,8,59,10,2,3,5,2,11,131,141,1,137,12,13,4,225,11,3,1,178,1,12,6,3,145,14,9,171,1,57,61,86,1,1,37,110,26,49,46,244,124,2,4,5,13,20,96,7,93,3,7,15,10,3,2,1,18,74,1,14,12,186,53,16,126,25,94,1,2,43,1,1,3,1,7,1
1,1,55,9,14,2,1,35,35,164,6,13,88,1,1,14,33,1,6,1,7,36,20,160,96,14,1,30,7,40,142,58,3,1,49,4,26,56,232,5,3,220,45,55,29,1,26,121,3,8,59,10,2,3,5,2,11,131,141,1,137,12,13,4,225,11,3,1,178,1,12,6,3,145,14,9,171,1,57,61,86,1,1,37,110,26,49,46,244,124,2,4,5,13,20,96,7,93,3,7,15,10,3,2,1,18,74,1,14,12,186,53,16,126,25,94,1,2,43,1,1,3,1,7,1
1,1,56,9,14,2,1,35,35,166,6,13,88,1,1,14,33,1,6,1,7,37,20,161,97,14,1,30,7,40,143,58,3,1,49,4,26,56,233,5,3,222,46,55,30,1,26,122,3,8,60,10,2,3,5,2,11,132,142,1,138,12,13,4,227,11,3,1,179,1,12,6,3,146,14,9,172,1,58,61,86,1,1,37,111,26,50,46,246,125,2,4,5,13,20,97,7,94,3,7,15,10,3,2,1,18,74,1,15,12,188,53,16,127,25,94,1,2,43,1,1,3,1,7,1
1,1,56,9,14,2,1,35,35,165,6,13,88,1,1,14,33,1,6,1,7,37,20,161,96,14,1,30,7,40,142,58,3,1,49,4,26,56,232,5,3,221,45,55,29,1,26,122,3,8,59,10,2,3,5,2,11,132,141,1,137,12,13,4,226,11,3,1,179,1,12,6,3,145,14,9,171,1,58,61,86,1,1,37,110,26,49,46,245,125,2,4,5,13,20,96,7,94,3,7,15,10,3,2,1,18,74,1,14,12,187,53,16,126,25,94,1,2,43,1,1,3,1,7,1
1,1,56,9,14,2,1,35,35,168,6,13,89,1,1,14,34,1,6,1,7,37,20,164,98,14,1,30,7,40,145,59,3,1,50,4,27,57,237,5,3,225,46,56,30,1,26,124,3,8,60,10,2,3,5,2,11,134,144,1,140,12,13,4,231,11,3,1,182,1,12,6,3,148,14,10,175,1,58,62,88,1,1,37,112,26,50,47,250,127,2,4,5,13,21,98,7,95,3,7,15,10,3,2,1,18,75,1,15,12,191,54,17,129,25,96,1,2,44,1,1,3,1,7,1
1,1,56,9,14,2,1,35,35,168,6,13,89,1,1,14,34,1,6,1,7,37,20,164,98,14,1,30,7,40,145,59,3,1,50,4,27,57,237,5,3,225,46,56,30,1,26,124,3,8,60,10,2,3,5,2,11,134,144,1,140,12,13,4,231,11,3,1,182,1,12,6,3,148,14,10,175,1,58,62,88,1,1,37,112,26,50,47,250,127,2,4,5,13,21,98,7,95,3,7,15,10,3,2,1,18,75,1,15,12,191,54,17,129,25,96,1,2,44,1,1,3,1,7,1
1,1,57,9,15,2,1,35,36,169,6,13,90,1,1,14,34,1,6,1,7,37,20,164,98,14,1,30,7,41,145,59,3,1,50,4,27,57,238,5,3,226,46,56,30,1,27,124,3,8,60,10,2,3,5,2,11,135,144,1,141,12,13,4,232,11,3,1,183,1,12,6,3,149,14,10,175,1,59,62,88,1,1,38,113,26,50,47,251,127,2,4,5,13,21,98,7,96,3,7,15,10,3,2,1,18,75,1,15,12,192,54,17,129,25,96,1,2,44,1,1,3,1,7,1
1,1,57,9,15,2,1,36,36,169,6,13,90,1,1,14,34,1,6,1,7,37,21,165,99,14,1,30,7,41,146,59,3,1,50,4,27,57,239,5,3,227,46,56,30,1,27,125,3,8,61,10,2,3,5,2,11,135,145,1,141,12,13,4,233,11,3,1,184,1,12,6,3,149,14,10,176,1,59,62,88,1,1,38,113,26,50,47,252,128,2,4,5,13,21,99,7,96,3,7,15,10,3,2,1,18,76,1,15,12,192,54,17,130,26,96,1,2,44,1,1,3,1,7,1
1,1,57,9,15,2,1,36,36,172,6,14,91,1,1,14,34,1,6,1,7,38,21,168,100,14,1,31,7,41,148,60,3,1,51,4,27,58,243,5,3,231,47,57,30,1,27,127,3,8,61,10,2,3,5,2,11,137,147,1,143,12,13,4,236,12,3,1,186,1,12,6,3,151,14,10,179,1,60,63,89,1,1,38,114,27,51,48,256,130,2,4,5,13,21,100,7,97,3,7,15,10,3,2,1,19,76,1,15,12,195,55,17,131,26,97,1,2,45,1,1,3,1,7,1
1,1,57,9,15,2,1,36,36,170,6,13,90,1,1,14,34,1,6,1,7,37,21,166,99,14,1,31,7,41,147,59,3,1,51,4,27,57,240,5,3,228,47,56,30,1,27,125,3,8,61,10,2,3,5,2,11,136,146,1,142,12,13,4,234,11,3,1,184,1,12,6,3,150,14,10,177,1,59,62,88,1,1,38,113,26,51,47,253,128,2,4,5,13,21,99,7,96,3,7,15,10,3,2,1,18,76,1,15,12,193,54,17,130,26,97,1,2,44,1,1,3,1,7,1
1,1,57,9,15,2,1,35,36,169,6,13,90,1,1,14,34,1,6,1,7,37,20,164,98,14,1,30,7,41,145,59,3,1,50,4,27,57,238,5,3,226,46,56,30,1,27,124,3,8,60,10,2,3,5,2,11,135,144,1,141,12,13,4,232,11,3,1,183,1,12,6,3,149,14,10,175,1,59,62,88,1,1,38,113,26,50,47,251,127,2,4,5,13,21,98,7,96,3,7,15,10,3,2,1,18,75,1,15,12,192,54,17,129,25,96,1,2,44,1,1,3,1,7,1
1,1,57,9,15,2,1,35,36,169,6,13,90,1,1,14,34,1,6,1,7,37,20,164,98,14,1,30,7,41,145,59,3,1,50,4,27,57,238,5,3,226,46,56,30,1,27,124,3,8,60,10,2,3,5,2,11,135,144,1,141,12,13,4,232,11,3,1,183,1,12,6,3,149,14,10,175,1,59,62,88,1,1,38,113,26,50,47,251,127,2,4,5,13,21,98,7,96,3,7,15,10,3,2,1,18,75,1,15,12,192,54,17,129,25,96,1,2,44,1,1,3,1,7,1
1,1,55,9,14,2,1,35,35,164,6,13,88,1,1,14,33,1,6,1,7,36,20,160,96,14,1,30,7,40,142,58,3,1,49,4,26,56,232,5,3,220,45,55,29,1,26,121,3,8,59,10,2,3,5,2,11,131,141,1,137,12,13,4,225,11,3,1,178,1,12,6,3,145,14,9,171,1,57,61,86,1,1,37,110,26,49,46,244,124,2,4,5,13,20,96,7,93,3,7,15,10,3,2,1,18,74,1,14,12,186,53,16,126,25,94,1,2,43,1,1,3,1,7,1
1,1,56,9,14,2,1,35,35,165,6,13,88,1,1,14,33,1,6,1,7,37,20,161,96,14,1,30,7,40,142,58,3,1,49,4,26,56,232,5,3,221,45,55,29,1,26,122,3,8,59,10,2,3,5,2,11,132,141,1,137,12,13,4,226,11,3,1,179,1,12,6,3,145,14,9,171,1,58,61,86,1,1,37,110,26,49,46,245,125,2,4,5,13,20,96,7,94,3,7,15,10,3,2,1,18,74,1,14,12,187,53,16,126,25,94,1,2,43,1,1,3,1,7,1
1,1,55,9,14,2,1,35,35,164,6,13,87,1,1,14,33,1,6,1,7,36,20,160,96,14,1,30,7,40,141,57,3,1,49,4,26,55,231,5,3,219,45,54,29,1,26,121,3,8,59,10,2,3,5,2,11,131,140,1,136,12,13,4,225,11,3,1,177,1,12,6,3,144,14,9,170,1,57,60,86,1,1,37,109,26,49,46,243,124,2,4,5,13,20,96,7,93,3,7,15,10,3,2,1,18,73,1,14,12,186,53,16,125,25,93,1,2,43,1,1,3,1,7,1
1,1,53,9,14,2,1,33,34,156,6,13,84,1,1,14,32,1,6,1,7,35,19,152,92,13,1,29,7,38,135,55,3,1,47,4,25,53,219,5,2,208,44,52,28,1,25,116,3,8,57,10,2,3,5,2,11,125,134,1,130,12,13,4,214,11,3,1,169,1,11,6,3,138,14,9,162,1,55,58,82,1,1,35,105,25,47,44,231,118,2,4,5,12,20,92,7,89,3,7,14,9,3,2,1,18,70,1,14,11,177,51,16,120,24,89,1,2,42,1,1,3,1,7,1
1,1,55,9,14,2,1,34,34,161,6,13,86,1,1,14,33,1,6,1,7,36,20,157,94,14,1,29,7,39,139,57,3,1,48,4,26,55,227,5,2,215,45,54,29,1,26,119,3,8,58,10,2,3,5,2,11,129,138,1,134,12,13,4,221,11,3,1,175,1,12,6,3,142,14,9,168,1,57,60,84,1,1,36,108,25,48,45,239,122,2,4,5,13,20,94,7,92,3,7,15,10,3,2,1,18,72,1,14,11,183,52,16,124,25,92,1,2,43,1,1,3,1,7,1
1,1,53,9,14,2,1,33,33,154,6,13,83,1,1,14,32,1,6,1,7,35,19,150,91,13,1,29,7,38,133,55,3,1,47,4,25,53,217,5,2,206,43,52,28,1,25,114,3,8,56,10,2,3,5,2,10,124,132,1,129,12,12,4,211,11,3,1,167,1,11,6,3,136,14,9,160,1,55,57,81,1,1,35,104,25,47,44,228,117,2,4,5,12,20,91,7,88,3,7,14,9,3,2,1,17,70,1,14,11,175,50,16,119,24,88,1,2,41,1,1,3,1,7,1
1,1,54,9,14,2,1,34,34,161,6,13,86,1,1,14,33,1,6,1,7,36,20,157,94,14,1,29,7,39,139,57,3,1,48,4,26,55,226,5,2,215,45,54,29,1,26,119,3,8,58,10,2,3,5,2,11,128,138,1,134,12,13,4,220,11,3,1,174,1,12,6,3,142,14,9,167,1,56,59,84,1,1,36,107,25,48,45,238,122,2,4,5,13,20,94,7,91,3,7,14,10,3,2,1,18,72,1,14,11,182,52,16,123,25,92,1,2,42,1,1,3,1,7,1
1,1,56,9,14,2,1,35,35,166,6,13,88,1,1,14,33,1,6,1,7,37,20,162,97,14,1,30,7,40,143,58,3,1,50,4,26,56,234,5,3,223,46,55,30,1,26,123,3,8,60,10,2,3,5,2,11,133,142,1,139,12,13,4,228,11,3,1,180,1,12,6,3,146,14,9,173,1,58,61,87,1,1,37,111,26,50,47,247,126,2,4,5,13,21,97,7,94,3,7,15,10,3,2,1,18,74,1,15,12,189,53,16,127,25,95,1,2,44,1,1,3,1,7,1
1,1,56,9,14,2,1,35,35,166,6,13,88,1,1,14,33,1,6,1,7,37,20,161,97,14,1,30,7,40,143,58,3,1,49,4,26,56,233,5,3,222,46,55,30,1,26,122,3,8,60,10,2,3,5,2,11,132,142,1,138,12,13,4,227,11,3,1,179,1,12,6,3,146,14,9,172,1,58,61,86,1,1,37,111,26,50,46,246,125,2,4,5,13,20,97,7,94,3,7,15,10,3,2,1,18,74,1,15,12,188,53,16,127,25,94,1,2,43,1,1,3,1,7,1
1,1,56,9,14,2,1,35,35,168,6,13,89,1,1,14,34,1,6,1,7,37,20,164,98,14,1,30,7,40,145,59,3,1,50,4,27,57,237,5,3,225,46,56,30,1,26,124,3,8,60,10,2,3,5,2,11,134,144,1,140,12,13,4,231,11,3,1,182,1,12,6,3,148,14,10,175,1,58,62,88,1,1,37,112,26,50,47,250,127,2,4,5,13,21,98,7,95,3,7,15,10,3,2,1,18,75,1,15,12,191,54,17,129,25,96,1,2,44,1,1,3,1,7,1
1,1,57,9,15,2,1,36,36,170,6,13,90,1,1,14,34,1,6,1,7,37,21,166,99,14,1,31,7,41,147,59,3,1,51,4,27,57,240,5,3,228,47,56,30,1,27,125,3,8,61,10,2,3,5,2,11,136,146,1,142,12,13,4,234,11,3,1,184,1,12,6,3,150,14,10,177,1,59,62,88,1,1,38,113,26,51,47,253,128,2,4,5,13,21,99,7,96,3,7,15,10,3,2,1,18,76,1,15,12,193,54,17,130,26,97,1,2,44,1,1,3,1,7,1
1,1,57,9,15,2,1,36,36,171,6,13,91,1,1,14,34,1,6,1,7,37,21,166,99,14,1,31,7,41,147,59,3,1,51,4,27,57,241,5,3,229,47,56,30,1,27,126,3,8,61,10,2,3,5,2,11,136,146,1,142,12,13,4,235,12,3,1,185,1,12,6,3,150,14,10,177,1,59,62,89,1,1,38,114,26,51,47,254,129,2,4,5,13,21,99,7,97,3,7,15,10,3,2,1,19,76,1,15,12,194,55,17,130,26,97,1,2,44,1,1,3,1,7,1
1,1,57,9,15,2,1,36,36,171,6,13,91,1,1,14,34,1,6,1,7,38,21,167,100,14,1,31,7,41,148,60,3,1,51,4,27,58,242,5,3,230,47,56,30,1,27,126,3,8,61,10,2,3,5,2,11,137,147,1,143,12,13,4,235,12,3,1,186,1,12,6,3,151,14,10,178,1,59,63,89,1,1,38,114,26,51,48,255,129,2,4,5,13,21,100,7,97,3,7,15,10,3,2,1,19,76,1,15,12,194,55,17,131,26,97,1,2,45,1,1,3,1,7,1
1,1,57,9,15,2,1,36,36,171,6,13,91,1,1,14,34,1,6,1,7,38,21,167,100,14,1,31,7,41,148,60,3,1,51,4,27,58,242,5,3,230,47,56,30,1,27,126,3,8,61,10,2,3,5,2,11,137,147,1,143,12,13,4,235,12,3,1,186,1,12,6,3,151,14,10,178,1,59,63,89,1,1,38,114,26,51,48,255,129,2,4,5,13,21,100,7,97,3,7,15,10,3,2,1,19,76,1,15,12,194,55,17,131,26,97,1,2,45,1,1,3,1,7,1
1,1,59,9,15,2,1,37,37,176,6,14,93,1,1,15,35,1,6,1,7,38,21,172,102,14,1,31,7,42,152,61,3,1,52,4,28,59,249,5,3,237,48,58,31,1,27,130,3,8,63,11,2,3,5,2,11,140,151,1,147,13,13,4,243,12,3,1,191,1,12,6,3,155,15,10,183,1,61,64,91,1,1,39,117,27,52,49,263,133,2,4,5,13,21,102,7,99,3,7,15,10,3,2,1,19,78,1,15,12,200,56,17,135,26,100,1,2,46,1,1,3,1,7,1
